Organisation name,Identifying details,Total scope 1 emissions (t CO2-e),Total scope 2 emissions (t CO2-e),Net energy consumed (GJ),Sector
AGL ENERGY LIMITED,74 115 061 375,"39,512,681","538,965","305,460,679",Energy
STANWELL CORPORATION LIMITED,37 078 848 674,"17,277,604","59,566","127,676,405",Other
ENERGYAUSTRALIA HOLDINGS LIMITED,57 101 876 135,"16,171,052","196,589","130,959,326",Other
ORIGIN ENERGY LIMITED,30 000 051 696,"12,836,172","2,350,222","115,507,100",Energy
CHEVRON AUSTRALIA HOLDINGS PTY LTD,60 098 079 344,"12,310,111","2,329","148,543,549",Other
PIONEER SAIL HOLDINGS PTY LIMITED,45 617 844 569,"11,212,694","9,999","93,986,086",Other
C S ENERGY LIMITED,54 078 848 745,"11,070,449","45,936","79,227,439",Energy
WOODSIDE ENERGY GROUP LTD,55 004 898 962,"8,985,579","6,262","152,078,745",Energy
OZGEN HOLDINGS AUSTRALIA PTY LTD,34 128 655 096,"7,576,234","10,197","54,933,130",Other
RIO TINTO LIMITED,96 004 458 404,"7,405,060","7,690,487","144,608,226",Other
SANTOS LIMITED,80 007 550 923,"7,283,147","608,133","91,837,444",Other
INPEX HOLDINGS AUSTRALIA PTY LTD,61 150 217 315,"6,739,077",763,"74,355,589",Other
BLUESCOPE STEEL LIMITED,16 000 011 058,"6,390,444","939,847","75,814,276",Other
DELTA ELECTRICITY PTY LTD,66 620 205 263,"6,356,146","79,485","42,180,734",Other
ELECTRICITY GENERATION AND RETAIL CORPORATION,58 673 830 106,"5,842,608","5,796","47,700,312",Other
NRG VICTORIA I PTY LTD,26 076 286 578,"5,827,328","51,559","43,943,648",Energy
ALCOA AUSTRALIAN HOLDINGS PTY LTD,33 096 987 370,"5,763,627","3,674,170","117,771,313",Other
SOUTH32 LIMITED,84 093 732 597,"5,694,783","397,190","55,136,759",Other
GLENCORE HOLDINGS PTY LIMITED,41 104 160 689,"5,474,784","1,613,561","54,948,299",Other
ANGLO AMERICAN AUSTRALIA LIMITED,47 004 892 371,"5,104,173","632,574","17,094,981",Other
LIBERTY PRIMARY METALS AUSTRALIA PTY LTD,29 631 112 573,"3,228,647","236,059","32,141,635",Other
BM ALLIANCE COAL OPERATIONS PTY LIMITED,67 096 412 752,"3,200,636","986,104","32,546,019",Other
RTA HOLDCO AUSTRALIA 5 PTY LTD,38 128 785 599,"3,129,823","619,774","41,883,170",Other
QANTAS AIRWAYS LIMITED,16 009 661 901,"3,057,585","64,843","45,232,379",Other
BHP GROUP LIMITED,49 004 028 077,"2,815,191","1,131,506","51,287,332",Other
CEMENT AUSTRALIA HOLDINGS PTY LTD,99 001 085 561,"2,673,772","217,936","14,012,375",Other
YANCOAL AUSTRALIA LTD,82 111 859 119,"2,624,669","414,983","15,957,203",Other
CONOCOPHILLIPS AUSTRALIA OPERATIONS PTY LTD,28 141 253 787,"2,132,240",280,"41,945,627",Other
SHELL ENERGY HOLDINGS AUSTRALIA LIMITED,69 054 260 776,"2,050,594","6,929","26,675,311",Other
ADBRI LIMITED,15 007 596 018,"1,922,718","183,268","13,523,765",Other
FORTESCUE METALS GROUP LTD,57 002 594 872,"1,876,874","333,091","30,468,510",Other
EXXONMOBIL AUSTRALIA PTY LTD,48 091 561 198,"1,857,397","70,605","22,447,531",Other
QGC MIDSTREAM INVESTMENTS PTY LTD,77 130 857 215,"1,846,755",0,"34,040,346",Other
BANPU AUSTRALIA CO. PTY LTD,56 136 468 007,"1,835,658","238,951","2,181,697",Other
CK WILLIAM AUSTRALIA HOLDINGS PTY LTD,14 613 690 243,"1,556,439","330,041","20,784,464",Other
APA INFRASTRUCTURE LIMITED,89 009 666 700,"1,492,975","92,691","17,484,625",Other
INCITEC PIVOT LIMITED,42 004 080 264,"1,480,985","152,639","29,684,693",Other
ORICA LIMITED,24 004 145 868,"1,464,880","156,950","18,878,282",Other
YARA AUSTRALIA PTY LTD,77 076 301 221,"1,408,764","10,696","27,969,709",Other
PEABODY AUSTRALIA HOLDCO PTY LTD,61 154 820 130,"1,403,433","168,624","6,893,951",Other
SEVEN GROUP HOLDINGS LIMITED,46 142 003 469,"1,357,247","315,438","10,337,829",Other
VIRGIN AUSTRALIA HOLDINGS LIMITED,54 100 686 226,"1,284,605","2,831","18,311,801",Other
CITIC PACIFIC MINING MANAGEMENT PTY LTD,64 119 578 371,"1,241,468",169,"22,867,778",Other
KESTREL COAL GROUP PTY LTD,70 624 655 518,"1,236,654","148,269","2,087,653",Other
BLUEWATERS POWER 1 PTY LTD,93 106 034 879,"1,190,420","1,529","9,751,680",Other
PECHINEY CONSOLIDATED AUSTRALIA PTY LIMITED,39 076 569 769,"1,156,673","6,604,275","40,144,663",Other
BLUEWATERS POWER 2 PTY LTD,57 122 896 968,"1,124,051","1,859","9,383,425",Other
VIVA ENERGY GROUP LIMITED,74 626 661 032,"1,095,453","283,035","12,345,629",Other
CLEANAWAY WASTE MANAGEMENT LIMITED,74 101 155 220,"1,062,303","50,310","5,024,451",Other
FITZROY (CQ) PTY LTD,61 103 902 389,"1,000,552","66,117","1,438,532",Other
QGC UPSTREAM INVESTMENTS PTY LTD,86 131 104 651,"955,249","2,460,603","23,927,673",Other
WHITEHAVEN COAL LIMITED,68 124 425 396,"910,333","102,011","6,107,665",Other
POWER GENERATION CORPORATION,72 687 980 755,"898,814",130,"12,282,312",Other
TRANSALTA ENERGY (AUSTRALIA) PTY LTD,40 062 135 844,"882,132",29,"11,542,754",Energy
AUSTRALIAN LOGISTICS ACQUISITION HOLDINGS PTY LIMITED,28 611 628 909,"871,855","85,593","12,820,862",Other
INTERNATIONAL POWER (AUSTRALIA) HOLDINGS PTY LIMITED,70 105 041 209,"861,906","6,043","9,571,504",Other
CORONADO AUSTRALIA HOLDINGS PTY LTD,23 623 524 989,"861,227","174,694","5,885,300",Other
SGSP (AUSTRALIA) ASSETS PTY LTD,60 126 327 624,"827,674","254,080","8,425,369",Other
WASHINGTON H. SOUL PATTINSON AND COMPANY LIMITED,49 000 002 728,"806,621","74,716","4,014,098",Other
WESFARMERS LIMITED,28 008 984 049,"792,380","583,851","17,549,260",Other
QENOS HOLDINGS PTY LTD,62 086 026 968,"790,078","158,498","30,151,686",Other
VEOLIA RECYCLING & RECOVERY HOLDINGS ANZ PTY LTD,30 070 452 890,"785,509","21,921","1,944,501",Other
NEWGEN KWINANA HOLDINGS PTY LTD,68 116 576 955,"760,427",643,"8,264,618",Other
AMPOL LIMITED,40 004 201 307,"727,358","248,594","11,502,904",Other
MACH AUSTRALIA HOLDINGS PTY LTD,66 608 494 828,"716,841","34,289","1,658,253",Other
PRATT CONSOLIDATED HOLDINGS PTY. LTD.,43 104 958 581,"711,074","998,825","27,277,899",Other
QCOAL PTY LTD,99 010 911 234,"675,091","79,563","5,225,673",Other
COMGEN AUSTRALIA PTY. LTD.,17 050 242 441,"643,722","17,954","1,802,943",Other
HANCOCK PROSPECTING PTY LIMITED,69 008 676 417,"636,620","246,308","10,904,171",Other
NORTHERN STAR RESOURCES LTD,43 092 832 892,"635,249","322,985","12,210,544",Other
STANMORE RESOURCES LIMITED,27 131 920 968,"582,483","114,865","34,257,242",Other
NEWCREST MINING LIMITED,20 005 683 625,"569,190","830,125","13,835,018",Other
TRONOX MANAGEMENT PTY LTD,59 009 343 364,"560,694","96,572","10,304,988",Other
ARROW ENERGY HOLDINGS PTY LTD,94 141 385 293,"540,076","32,286","7,854,871",Other
IDEMITSU AUSTRALIA PTY LTD,45 010 236 272,"508,250","84,373","3,945,828",Other
AURIZON HOLDINGS LIMITED,14 146 335 622,"506,747","328,042","8,686,786",Other
BHP ENERGY COAL AUSTRALIA PTY LTD,79 057 364 315,"503,405","79,627","7,067,196",Other
ANGLOGOLD ASHANTI AUSTRALIA LIMITED,42 008 737 424,"485,306",129,"8,405,472",Other
NYRSTAR AUSTRALIA PTY LTD,46 124 535 468,"451,927","227,864","10,426,137",Other
PAPER AUSTRALIA PTY LTD,63 061 583 533,"440,101","472,304","19,393,594",Other
BEACH ENERGY LIMITED,20 007 617 969,"435,738","19,471","4,555,104",Other
GOLD FIELDS AUSTRALIA PTY LIMITED,91 098 385 285,"434,857","107,224","8,579,330",Other
QUBE HOLDINGS LIMITED,14 149 723 053,"397,545","23,260","5,801,536",Other
WOOLWORTHS GROUP LIMITED,88 000 014 675,"392,140","1,488,313","8,258,645",Other
NEWMONT AUSTRALIA PTY LTD,95 099 040 507,"387,661","671,678","9,827,769",Other
ILUKA RESOURCES LIMITED,34 008 675 018,"387,533","89,854","6,543,332",Other
SNOWY HYDRO LIMITED,17 090 574 431,"384,942","484,411","7,177,194",Other
CAJOSA PTY LTD,73 002 724 021,"377,909","303,903","6,929,422",Other
HANSON AUSTRALIA (HOLDINGS) PROPRIETARY LIMITED,48 090 994 657,"350,770","63,626","3,717,368",Other
LIBERTY BELL BAY PTY LTD,23 004 456 035,"350,535","124,642","6,107,991",Other
MINERAL RESOURCES LIMITED,33 118 549 910,"337,486","3,027","5,025,728",Other
AUSTRALIAN GAS NETWORKS LIMITED,19 078 551 685,"328,080",601,"1,948,092",Other
ATCO AUSTRALIA PTY LTD,74 091 033 546,"326,553","2,923","3,977,447",Other
BAYBRICK PTY. LTD.,97 067 220 017,"322,446","265,126","4,339,366",Other
REMONDIS AUSTRALIA PTY LTD,95 002 429 781,"305,815","3,639","477,143",Other
MELBOURNE WATER CORPORATION,81 945 386 953,"292,586","229,345","2,080,265",Other
JADESTONE ENERGY HOLDINGS LTD,"Suite 1, 3rd Floor 11 - 12 St James's Square, London, SW1Y 4, UNITED KINGDOM","292,181",39,"4,173,183",Other
CSR LIMITED,90 000 001 276,"275,488","178,597","5,599,079",Other
A.C.N. 630 698 716 PTY LTD,18 630 698 716,"268,946","28,826","1,701,831",Other
LIBERTY HOLDINGS AUSTRALIA LTD,16 627 011 938,"267,830","825,019","7,655,959",Other
REGIS RESOURCES LIMITED,28 009 174 761,"256,742",50,"3,683,301",Other
COLES GROUP LIMITED,11 004 089 936,"255,474","1,259,759","6,750,870",Other
QMAG PTY LIMITED,68 111 279 906,"246,314","82,766","1,853,979",Other
JELLINBAH GROUP PTY LTD,54 010 754 793,"241,538","11,600","1,699,730",Other
TOLL HOLDINGS PTY LIMITED,25 006 592 089,"235,380","27,838","3,460,144",Other
AUSTRALIAN ENERGY HOLDINGS NO 1 PTY LTD,18 654 672 670,"231,682","1,499,364","8,653,311",Other
GRANGE RESOURCES LIMITED,80 009 132 405,"227,867","39,360","4,597,731",Other
ALLIANCE AVIATION SERVICES LIMITED,96 153 361 525,"227,014","1,219","3,239,969",Other
AUSTRALIAN PARCELS GROUP PTY LTD,21 649 001 409,"225,331","20,176","3,324,333",Other
DBNGP (WA) TRANSMISSION PTY LIMITED,69 081 609 190,"224,323","1,519","3,655,579",Other
QMETCO LIMITED,98 008 124 025,"218,686","12,551","2,105,331",Other
ORORA LIMITED,55 004 275 165,"216,564","84,404","3,862,614",Other
HOLCIM PARTICIPATIONS (AUSTRALIA) PTY LTD,46 122 401 405,"209,604","68,507","3,339,608",Other
BRICKWORKS LTD,17 000 028 526,"206,140","72,285","4,446,789",Other
FQM AUSTRALIA HOLDINGS PTY LTD,77 136 613 075,"204,177",22,"3,437,531",Other
KELSIAN GROUP LIMITED,49 109 078 257,"203,813","9,301","3,014,112",Other
DOWNER EDI LIMITED,97 003 872 848,"198,461","45,743","3,278,014",Other
EVOLUTION MINING LIMITED,74 084 669 036,"198,079","475,807","5,560,434",Other
LINFOX PROPRIETARY LIMITED,59 004 667 298,"194,742","30,553","2,921,693",Other
SOJITZ DEVELOPMENT PTY LTD,34 063 050 680,"192,856","36,873","1,745,987",Other
ADANI MINING PTY LTD,27 145 455 205,"190,781",172,"1,853,922",Other
BATCHFIRE RESOURCES PTY LTD,84 607 340 189,"188,124","31,244","2,842,849",Other
RATCH - AUSTRALIA CORPORATION PTY LTD,31 106 617 332,"180,917","7,988","2,618,901",Other
COBHAM AVIATION SERVICES AUSTRALIA PTY LTD,34 003 469 574,"178,637","1,197","2,561,079",Other
WASTE ASSETS MANAGEMENT CORPORATION,56 784 733 957,"178,410","1,121","8,362",Other
AURIZON BULK CENTRAL HOLDINGS PTY LTD,53 132 989 998,"175,833","1,592","2,520,636",Other
NORSKE SKOG INDUSTRIES AUSTRALIA LIMITED,50 003 902 985,"171,463","115,250","4,523,198",Other
QUEENSLAND NITRATES PTY LTD,63 079 889 268,"170,118","49,393","3,325,681",Other
REGIONAL EXPRESS HOLDINGS LIMITED,18 099 547 270,"168,745","1,413","2,411,415",Other
BGC (AUSTRALIA) PTY LTD,62 005 736 005,"166,372","75,199","3,426,435",Other
WOLLONGONG COAL LIMITED,28 111 244 896,"166,345","13,477","83,308",Other
SCOTT'S REFRIGERATED LOGISTICS HOLDINGS PTY LTD,14 639 265 642,"165,667","32,671","2,510,248",Other
WESTGOLD RESOURCES LIMITED,60 009 260 306,"159,873","20,586","2,431,286",Other
ENERGY QUEENSLAND LIMITED,96 612 535 583,"155,343","1,655,338","8,883,963",Other
WILMAR AUSTRALIA HOLDINGS PTY LIMITED,79 144 972 743,"155,133","46,309","42,941,215",Other
WILPINJONG COAL PTY LTD,87 104 594 694,"154,554","27,221","2,113,099",Other
A.C.N. 166 119 133 PTY LTD,31 166 119 133,"151,987","178,905","3,367,624",Other
TT-LINE COMPANY PTY. LTD.,39 061 996 174,"144,231",526,"2,053,908",Other
LEONE FAMILY HOLDINGS PTY LTD,69 618 356 586,"138,879","3,120","1,993,108",Other
TRONOX AUSTRALIND PTY LTD,20 125 123 784,"135,277","42,772","2,570,978",Other
PILBARA MINERALS LIMITED,95 112 425 788,"134,931",58,"1,924,320",Other
RAMELIUS RESOURCES LIMITED,51 001 717 540,"133,396","40,593","2,281,049",Other
TASMANIAN WATER & SEWERAGE CORPORATION PTY LTD,47 162 220 653,"133,034","14,987","427,425",Other
AUSTRALIAN POSTAL CORPORATION,28 864 970 579,"131,135","132,228","2,516,563",Other
THE TRUSTEE FOR THE MADDINGLEY MINE TRUST,63 604 564 597,"127,541",362,"710,443",Other
SILVER LAKE RESOURCES LIMITED,38 108 779 782,"126,398","29,655","2,084,882",Other
RIO TINTO SHIPPING (ASIA) PTE LTD,71 242 047 864,"122,674",0,"1,661,107",Other
V/LINE CORPORATION,91 273 289 190,"119,488","15,034","1,753,462",Other
RTA HOLDCO AUSTRALIA 1 PTY LTD,17 128 762 318,"118,473",0,"1,464,806",Other
TRANSDEV AUSTRALASIA PTY LTD,40 079 303 816,"117,890","17,978","1,894,781",Other
CCP VI VG HOLDINGS PTY LTD,41 630 151 530,"116,620","26,532","1,731,690",Other
LINDSAY AUSTRALIA LIMITED,81 061 642 733,"116,183","9,419","1,695,732",Other
BLONDIE TRADING PTY LTD,41 621 811 845,"115,953","1,261","1,721,265",Other
FULTON HOGAN AUSTRALIA PTY LTD,42 135 849 115,"114,921","21,836","1,886,637",Other
POWER AND WATER CORPORATION,15 947 352 360,"114,703","74,005","1,438,277",Other
CEVA PTY LTD,27 122 147 433,"114,090","6,189","1,650,893",Other
SILICON METAL COMPANY OF AUSTRALIA PTY LTD,73 009 401 736,"111,939","399,808","4,402,926",Other
COMFORTDELGRO CORPORATION AUSTRALIA PTY LTD,84 002 072 004,"111,003","3,408","1,591,658",Other
TEYS AUSTRALIA PTY LTD,38 009 872 600,"110,827","97,193","1,515,970",Other
AUSCAN HOLDINGS PTY LIMITED,70 084 400 886,"110,698",44,"1,523,121",Other
BARALABA COAL COMPANY PTY LTD,42 096 909 634,"110,125","1,709","1,100,356",Other
A.A. SCOTT PROPRIETARY LIMITED,14 007 601 667,"108,890","3,448","1,571,310",Other
KIMBERLY-CLARK PACIFIC HOLDINGS PTY LIMITED,59 095 905 294,"104,604","12,207","2,112,186",Other
ATCO GAS AUSTRALIA GP PTY LTD,76 151 245 779,"103,813",249,"32,425",Other
BIG BEN HOLDINGS PTY. LIMITED,63 008 434 562,"103,006","31,961","1,423,385",Other
IGO LIMITED,46 092 786 304,"102,195","43,491","1,790,962",Other
NEW ZEALAND MILK (AUSTRALASIA) PTY LTD,23 003 502 654,"100,801","102,794","2,301,251",Other
ST BARBARA LIMITED,36 009 165 066,"95,886",880,"1,766,612",Other
TWENTIETH SUPER PACE NOMINEES PTY. LTD.,16 005 855 327,"95,419","4,353","1,378,434",Other
MGM GROUP HOLDINGS PTY LTD,89 107 407 385,"94,678",512,"1,351,234",Other
TERRACOM LIMITED,35 143 533 537,"94,379","21,712","536,587",Other
BEGA CHEESE LIMITED,81 008 358 503,"94,202","207,418","2,856,199",Other
CIMIC GROUP LIMITED,57 004 482 982,"94,091","61,438","1,681,008",Other
AIRWORK FLIGHT OPERATIONS PTY LTD,13 119 011 871,"93,854",0,"1,336,911",Other
DACIAN GOLD LIMITED,61 154 262 978,"92,937",51,"1,568,563",Other
RON FINEMORE TRANSPORT PTY. LTD.,30 106 495 087,"92,756",428,"1,321,894",Other
MAINFREIGHT DISTRIBUTION PTY LIMITED,85 003 840 319,"91,407","7,569","1,337,738",Other
KEOLIS AUSTRALIA PTY LTD,68 132 482 850,"89,995","104,449","1,758,297",Other
AUSTRALIAN PACIFIC COAL LIMITED,49 089 206 986,"89,809","1,871","8,927",Other
CLEANCO QUEENSLAND LIMITED,85 628 008 159,"89,688","457,672","3,112,485",Other
OZ MINERALS LIMITED,40 005 482 824,"87,400","227,546","3,631,661",Other
BAPSH PTY LIMITED,54 605 702 618,"87,196","3,364","1,255,827",Other
CITY OF COCKBURN,27 471 341 209,"86,355",46,"540,975",Other
SANDFIRE RESOURCES LIMITED,55 105 154 185,"85,351",92,"1,299,473",Other
WESTSIDE CORPORATION PTY LTD,74 117 145 516,"84,151",613,"1,022,058",Other
FOOD INVESTMENTS PTY. LIMITED,85 008 426 177,"83,395","121,205","2,036,890",Other
GOLDFIELDS POWER PTY LTD,81 062 186 243,"82,021",0,"1,106,923",Other
J.J. RICHARDS & SONS PTY LTD,40 000 805 425,"82,010","4,024","1,199,445",Other
GRINDING MEDIA PTY LTD,47 615 611 759,"81,908","162,724","2,162,435",Other
CAPRICORN METALS LTD,84 121 700 105,"79,684",17,"1,365,194",Other
A.J. BUSH & SONS PTY LTD,77 000 134 010,"79,447","14,297","812,428",Other
KINETIC TCO PTY LTD,20 601 251 067,"78,747","2,079","1,436,767",Other
BORG MANUFACTURING PTY LIMITED,31 003 246 357,"77,855","151,251","3,730,787",Other
NH FOODS AUSTRALIA PTY LTD,87 001 548 401,"76,511","45,990","730,041",Other
NORTON GOLD FIELDS PTY LTD,23 112 287 797,"75,246","70,808","1,471,805",Other
KARARA MINING LIMITED,68 070 871 831,"74,353","359,965","3,005,801",Other
COLLINS TRANSPORT GROUP PTY LTD,66 098 659 342,"74,315","9,649","1,111,308",Other
KARORA RESOURCES PTY LTD,74 633 381 218,"73,408","18,769","1,177,889",Other
THE TRUSTEE FOR COSTA'S UNIT TRUST,72 534 822 931,"73,365","60,236","1,153,808",Other
LOCHARD ENERGY (IONA OPERATIONS HOLDING) PTY LTD,23 608 441 041,"73,342","3,326","993,985",Other
VERMILION OIL & GAS AUSTRALIA PTY LTD,29 113 023 591,"73,012",89,"781,456",Other
TRONOX MINERAL HOLDINGS AUSTRALIA PTY LTD,21 102 888 559,"72,678","71,450","1,366,372",Other
ROMALY HOLDINGS PTY LTD,82 001 094 837,"72,226",425,"1,028,301",Other
RESOURCECO HOLDINGS PTY LTD,64 107 343 288,"71,927","10,908","465,632",Other
BINGO INDUSTRIES LIMITED,72 617 748 231,"71,663","7,062","496,344",Other
RAVENSWOOD GOLD GROUP PTY LTD,18 637 523 712,"70,815","79,103","1,382,077",Other
FORESTRY CORPORATION OF NEW SOUTH WALES,43 141 857 613,"70,749","1,002","1,011,000",Other
CONSOLIDATED MINERALS HOLDINGS (AUSTRALIA) PTY LIMITED,88 127 662 257,"70,591",31,"1,027,362",Other
LINEAGE AP HOLDINGS PTY LTD,27 637 083 544,"70,253","90,870","1,389,466",Other
AUSTRALIAN ENERGY MARKET OPERATOR LIMITED,94 072 010 327,"69,725",0,"1,353,097",Other
GASCOYNE RESOURCES LIMITED,57 139 522 900,"68,113",22,"1,139,908",Other
CENTRAL PETROLEUM LIMITED,72 083 254 308,"67,841",119,"1,144,302",Other
ICON WATER LIMITED,86 069 381 960,"67,498","110,020","692,558",Other
CCCI AUSTRALIA PTY LTD,95 603 555 988,"67,368","90,158","1,570,575",Other
DENISON GAS LIMITED,86 625 883 561,"67,032",83,"658,579",Other
RED 5 LIMITED,73 068 647 610,"66,785",5,"1,084,178",Other
SEAROAD HOLDINGS PTY LTD,16 123 749 655,"66,483",859,"988,643",Other
BILLABONG GOLD PTY LTD,34 613 900 922,"65,652",0,"1,217,552",Other
BAIADA PTY LTD,47 000 426 808,"65,331","164,016","2,229,508",Other
SOLSTAD AUSTRALIA PTY LTD,40 105 011 989,"64,338",23,"914,749",Other
KNAUF GYPSUM PTY LTD,84 004 231 976,"64,180","35,579","1,388,686",Other
B.M.D. HOLDINGS PTY. LIMITED,47 010 093 348,"63,312",724,"906,313",Other
"DIAMOND OFFSHORE GENERAL, LLC",91 050 122 051,"63,279",95,"825,918",Other
SIMPLOT AUSTRALIA (HOLDINGS) PTY LIMITED,23 070 571 934,"63,175","29,176","1,402,543",Other
TEEKAY HOLDINGS AUSTRALIA PTY LTD,12 125 391 880,"62,536",155,"889,912",Other
WAGGA WAGGA CITY COUNCIL,56 044 159 537,"62,015",50,"7,201",Other
MINDARIE REGIONAL COUNCIL,17 015 003 687,"61,495",0,"15,754",Other
YOLARNO PTY LTD,95 002 255 183,"61,126","18,493","277,257",Other
CITY OF KALGOORLIE-BOULDER,63 711 737 609,"60,451","7,007","61,124",Other
CONSOLIDATED BROKEN HILL INVESTMENTS PTY LTD,91 095 427 900,"60,125",146,"854,616",Other
SOUTH AUSTRALIAN WATER CORPORATION,69 336 525 019,"59,716","134,696","2,461,010",Other
BRISTOW HELICOPTERS AUSTRALIA PTY LTD.,92 000 565 579,"59,554",243,"849,963",Other
KILCOY INDUSTRIES AUSTRALIA PTY LTD,16 125 927 308,"59,410","36,803","634,153",Other
MOUNT GIBSON IRON LIMITED,87 008 670 817,"59,295",726,"870,368",Other
BOORTMALT AUSTRALIA PTY LTD,70 634 393 338,"59,289","18,855","1,257,363",Other
STRAIT LINK AUSTRALIA HOLDINGS PTY LTD,62 649 025 963,"58,576","8,536","852,465",Other
NOBLE DRILLING AUSTRALIA PTY LTD,55 106 414 108,"58,254",0,"438,401",Other
SYDNEY WATER CORPORATION,49 776 225 038,"57,754","298,872","2,455,845",Other
MCCAIN FOODS (AUST) PTY LTD,96 000 629 587,"57,444","74,707","1,948,997",Other
FLETCHER BUILDING (AUSTRALIA) PTY LTD,11 093 539 452,"57,386","240,149","3,328,159",Other
INGHAMS GROUP LIMITED,39 162 709 506,"54,762","157,332","1,738,912",Other
BOOTH TRANSPORT PTY LTD,98 007 678 622,"53,825","2,324","776,154",Other
EASTERN METROPOLITAN REGIONAL COUNCIL,89 631 866 056,"52,611",776,"32,159",Other
HUME CITY COUNCIL,14 854 354 856,"52,459","16,201","178,393",Other
WATER CORPORATION,28 003 434 917,"52,173","595,616","3,548,678",Other
RIDLEY CORPORATION LIMITED,33 006 708 765,"51,789","55,455","1,223,514",Other
ASAHI HOLDINGS (AUSTRALIA) PTY LTD,48 135 315 767,"51,768","120,923","1,507,014",Other
NSW TRAINS,50 325 560 455,"51,139","152,221","1,425,625",Other
COOPER ENERGY LIMITED,93 096 170 295,"51,115","1,487","886,105",Other
ENDEAVOUR GROUP LIMITED,77 159 767 843,"50,214","329,981","1,810,462",Other
GRAINCORP LIMITED,60 057 186 035,"50,012","78,577","1,163,308",Other
REGIONAL POWER CORPORATION,57 955 011 697,"49,787","24,053","781,115",Other
VENTURA MOTORS PROPRIETARY LIMITED,67 004 235 518,"49,558","1,935","711,509",Other
SUEZ ANZ HOLDINGS PTY LTD,94 653 823 726,"48,579","522,456","2,644,842",Other
LANCO RESOURCES AUSTRALIA PTY LTD,30 147 835 452,"48,055","5,116","670,132",Other
WINDFIELD HOLDINGS PTY LTD,60 160 456 164,"47,228","109,577","1,262,797",Other
IBERDROLA AUSTRALIA LIMITED,39 105 051 616,"46,982","6,728","797,443",Other
DIRECT FREIGHT EXPRESS PTY LIMITED,66 060 136 870,"46,881","3,315","686,423",Other
MSF SUGAR PTY LTD,11 009 658 708,"45,567","4,471","8,652,482",Other
ETEX HOLDING AUSTRALIA II PTY LTD,86 003 621 181,"43,716","16,387","911,841",Other
CEMENT AUSTRALIA PTY LIMITED,75 104 053 474,"43,686","38,581","839,083",Other
HYDRO-ELECTRIC CORPORATION,48 072 377 158,"43,385","24,033","1,388,518",Other
SORBENT PAPER HOLDINGS PTY LTD,20 631 219 906,"42,890","104,730","1,223,602",Other
CRAIG MOSTYN HOLDINGS PTY LIMITED,14 008 398 356,"42,754","20,494","464,546",Other
MACKAY SUGAR LIMITED,12 057 463 671,"42,565","17,206","15,421,977",Other
RCI HOLDINGS PTY LTD,55 101 671 121,"42,015","75,516","959,389",Other
CENTRAL SEQ DISTRIBUTOR-RETAILER AUTHORITY,86 673 835 011,"41,478","68,760","635,636",Other
29METALS LIMITED,95 650 096 094,"40,268","144,800","1,480,418",Other
ACCIONA INFRASTRUCTURE ASIA PACIFIC PTY LTD,19 609 210 139,"40,119","21,173","670,294",Other
THALES AUSTRALIA HOLDINGS PTY LTD,84 058 583 841,"39,463","39,901","478,418",Other
VEOLIA WATER AUSTRALIA PTY LTD,99 061 161 279,"38,868","213,673","1,569,205",Other
QUEENSLAND RAIL,68 598 268 528,"38,244","265,615","1,745,932",Other
TASSAL GROUP LIMITED,15 106 067 270,"37,213","29,519","748,151",Other
LACTALIS AUSTRALIA PTY LTD,56 072 928 879,"36,422","97,707","1,133,327",Other
ELECTRICITY NETWORKS CORPORATION,18 540 492 861,"34,476","703,062","4,108,226",Other
PTH NO 1 PTY LTD,43 611 116 155,"34,327","39,246","666,129",Other
THE TRUSTEE FOR AFF OPERATIONS TRUST,95 372 342 995,"33,710","24,264","600,117",Other
MINJAR GOLD PTY LTD,15 119 514 528,"33,077","83,735","893,292",Other
A B C TISSUE PRODUCTS PTY LTD,33 003 085 112,"32,961","62,995","920,126",Other
AURELIA METALS LIMITED,37 108 476 384,"32,892","80,986","922,755",Other
LION PTY LTD,50 128 004 268,"31,856","35,118","718,933",Other
TELSTRA CORPORATION LIMITED,33 051 775 556,"31,543","1,040,346","5,284,566",Other
MMG MANAGEMENT PTY LTD,33 115 312 680,"31,261","112,335","1,722,576",Other
AAPC LIMITED,87 009 175 820,"30,690","139,396","1,186,190",Other
ASSOCIATED KILN DRIERS PTY. LIMITED,34 004 341 048,"30,275","65,471","3,211,301",Other
AERIS RESOURCES LIMITED,30 147 131 977,"29,572","72,750","773,989",Other
NESTLE AUSTRALIA LTD,77 000 011 316,"29,527","91,458","1,350,424",Other
PEPSICO FOODS GROUP PTY LTD,71 122 527 137,"29,162","25,484","701,619",Other
EAGERS AUTOMOTIVE LIMITED,87 009 680 013,"29,067","26,104","660,888",Other
MONDELEZ AUSTRALIA HOLDINGS PTY LIMITED,86 004 880 817,"29,062","49,829","859,133",Other
UNITED MALT GROUP LIMITED,61 140 174 189,"28,238","24,291","651,377",Other
RITCHIES STORES PROPRIETARY LIMITED,61 005 041 814,"28,182","68,708","290,318",Other
SS SILVER PTY LTD,40 644 174 710,"28,096","127,876","1,021,319",Other
MARS WRIGLEY AUSTRALIA HOLDINGS PTY LTD,68 133 509 930,"28,070","67,032","811,438",Other
GLADSTONE PORTS CORPORATION LIMITED,96 263 788 242,"27,953","56,169","651,806",Other
NORTHERN SEQ DISTRIBUTOR - RETAILER AUTHORITY,89 791 717 472,"27,772","59,888","366,114",Other
DP WORLD AUSTRALIA (HOLDING) PTY LTD,58 147 892 715,"27,621","42,575","580,034",Other
THOMAS FOODS INTERNATIONAL CONSOLIDATED PTY LIMITED,20 105 099 849,"27,522","27,997","609,742",Other
SNACKING INVESTMENTS HOLDCO PTY LIMITED,64 634 908 482,"26,505","52,648","760,134",Other
FMR INVESTMENTS PTY LIMITED,009 411 349,"25,919","26,592","520,274",Other
ALDI FOODS PTY LIMITED,18 086 210 139,"25,186","208,432","1,361,933",Other
NEW CENTURY RESOURCES LIMITED,53 142 165 080,"24,864","185,654","1,184,805",Other
BOC LIMITED,95 000 029 729,"24,389","330,965","2,484,737",Other
ESSENTIAL ENERGY,37 428 185 226,"23,868","531,665","2,653,104",Other
COCA-COLA EUROPACIFIC PARTNERS API PTY LTD,26 004 139 397,"22,811","84,684","807,714",Other
AUSGRID MANAGEMENT PTY LTD,83 615 449 548,"22,263","725,921","3,429,254",Other
CSL LIMITED,99 051 588 348,"21,609","83,698","709,900",Other
KIRKLAND LAKE GOLD VICTORIA HOLDINGS PTY LTD,21 128 442 375,"21,505","137,050","841,611",Other
VICTORIA POWER NETWORKS PTY LTD,37 116 940 820,"20,586","967,424","3,872,192",Other
HCF HOLDCO PTY LIMITED,53 653 844 181,"20,585","30,658","404,114",Other
LITTLE COMPANY OF MARY HEALTH CARE LIMITED,11 079 815 697,"20,460","45,056","657,373",Other
ANZ HOSPITALS TOPCO PTY LTD,20 631 014 965,"20,097","88,407","804,988",Other
MONASH HEALTH,82 142 080 338,"19,156","60,580","601,045",Other
WILMAR GF HOLDINGS AUSTRALIA PTY LTD,55 600 457 430,"18,893","34,340","508,361",Other
CKI UTILITIES DEVELOPMENT LIMITED & OTHERS,13 332 330 749,"18,791","261,449","2,902,226",Other
MONASH UNIVERSITY,12 377 614 012,"18,507","94,976","727,922",Other
EPSILON DISTRIBUTION MINISTERIAL HOLDING CORPORATION,59 253 130 878,"18,202","585,700","2,803,087",Other
QUEENSLAND ELECTRICITY TRANSMISSION CORPORATION LIMITED,82 078 849 233,"18,202","993,929","4,501,370",Other
CASELLA WINES PTY. LIMITED,96 060 745 315,"17,704","33,684","366,076",Other
LENDLEASE CORPORATION LIMITED,32 000 226 228,"17,561","100,830","740,583",Other
IWATANI AUSTRALIA PTY LTD,85 008 902 841,"16,990","35,789","439,974",Other
PACT GROUP HOLDINGS LTD,55 145 989 644,"15,860","188,749","1,162,070",Other
RAMSAY HEALTH CARE LIMITED,57 001 288 768,"15,536","150,130","980,899",Other
CO-OPERATIVE BULK HANDLING LIMITED,29 256 604 947,"15,355","50,808","516,192",Other
UNIVERSITY OF MELBOURNE,84 002 705 224,"15,188","103,462","696,940",Other
NSW ELECTRICITY NETWORKS OPERATIONS PTY LIMITED,609 169 959,"14,874","1,655,744","7,601,952",Other
OLAM ORCHARDS AUSTRALIA PTY LTD,15 139 442 532,"14,760","85,116","546,584",Other
PERILYA LIMITED,85 009 193 695,"14,198","131,641","825,898",Other
TRILITY GROUP PTY LTD,39 144 522 565,"13,665","59,475","531,975",Other
COMPETITIVE FOODS AUSTRALIA PTY LTD,48 010 542 908,"13,557","114,618","803,062",Other
METCASH LIMITED,32 112 073 480,"13,225","60,434","412,530",Other
MATER MISERICORDIAE LTD,83 096 708 922,"13,100","54,403","418,017",Other
ST JOHN OF GOD HEALTH CARE INC,21 930 207 958,"13,031","59,784","527,981",Other
AUSTRALIAN NATIONAL UNIVERSITY,52 234 063 906,"12,923","78,697","583,517",Other
"COSTCO WHOLESALE AUSTRALIA, PTY. LTD.",57 104 012 893,"12,762","43,651","259,917",Other
ALKANE RESOURCES LTD,35 000 689 216,"12,415","43,408","375,626",Other
QIC LIMITED,95 942 373 762,"12,402","75,867","498,277",Other
AUSTIN HEALTH,96 237 388 063,"12,278","44,345","402,432",Other
NORTH METROPOLITAN HEALTH SERVICE,61 282 636 952,"12,277","69,578","605,607",Other
ST VINCENT'S HEALTH AUSTRALIA LTD,75 073 503 536,"11,937","92,343","632,762",Other
AMP LIMITED,49 079 354 519,"11,897","69,650","422,095",Other
COMMONWEALTH SCIENTIFIC AND INDUSTRIAL RESEARCH ORGANISATION,41 687 119 230,"11,892","78,985","609,984",Other
CHARTER HALL LIMITED,57 113 531 150,"11,686","87,061","497,123",Other
AUSTRALIA PACIFIC AIRPORTS CORPORATION LIMITED,89 069 775 266,"11,556","40,506","410,909",Other
CHEMCO PTY LTD,68 008 725 817,"11,524","122,151","889,852",Other
DEXUS HOLDINGS PTY LIMITED,48 110 366 946,"11,481","95,578","583,945",Other
CMOC MINING PTY LIMITED,17 164 997 317,"11,032","203,618","1,090,592",Other
TUROSI PTY LTD,92 620 198 165,"10,524","42,204","343,564",Other
WA COUNTRY HEALTH SERVICE,28 680 145 816,"10,415","56,994","477,304",Other
THE UNITING CHURCH IN AUSTRALIA PROPERTY TRUST (Q.),25 548 385 225,"9,537","73,318","481,355",Other
RICEGROWERS LIMITED,55 007 481 156,"9,316","61,365","442,992",Other
VILO ENTERPRISES PTY LTD,070 890 229,"9,138","48,545","333,182",Other
SYDNEY TRAINS,38 284 779 682,"9,091","492,072","2,357,960",Other
THE STAR ENTERTAINMENT GROUP LIMITED,85 149 629 023,"8,994","88,126","571,751",Other
EVT LIMITED,51 000 005 103,"8,860","98,547","626,579",Other
EPWORTH FOUNDATION,97 420 694 950,"8,835","42,299","329,843",Other
SONIC HEALTHCARE LIMITED,24 004 196 909,"8,707","57,055","397,869",Other
SUN METALS HOLDINGS LIMITED,30 051 538 580,"8,529","508,717","2,881,123",Other
TASMANIAN NETWORKS PTY LTD,24 167 357 299,"8,507","90,045","2,087,251",Other
IX INFRASTRUCTURE PTY LTD,78 629 750 401,"8,330","138,759","1,008,672",Other
ISPT PTY LTD,28 064 041 283,"8,028","42,884","288,370",Other
HOLIDAY INNS HOLDINGS (AUSTRALIA) PTY. LIMITED,95 003 621 216,"7,805","48,288","388,490",Other
BP AUSTRALIA INVESTMENTS PTY LTD,66 102 991 551,"7,709","84,524","627,393",Other
PUBLIC TRANSPORT AUTHORITY OF WESTERN AUSTRALIA,61 850 109 576,"7,659","131,731","807,809",Other
SCENTRE GROUP LIMITED,66 001 671 496,"7,648","203,274","1,105,840",Other
GPT MANAGEMENT HOLDINGS LIMITED,67 113 510 188,"7,239","72,279","427,814",Other
UNIVERSITY OF NEW SOUTH WALES,57 195 873 179,"7,173","66,683","446,165",Other
MIRVAC LIMITED,92 003 280 699,"7,034","67,015","419,495",Other
AIR LIQUIDE AUSTRALIA LIMITED,57 004 385 782,"6,584","212,136","1,444,058",Other
METRO TRAINS MELBOURNE PTY. LTD.,43 136 429 948,"6,461","433,171","1,724,424",Other
PFG TOPCO1 PTY LIMITED,35 604 317 875,"6,050","65,662","391,137",Other
THE UNIVERSITY OF SYDNEY,15 211 513 464,"6,046","82,179","493,064",Other
SYDNEY AVIATION ALLIANCE HOLDINGS PTY LTD,54 654 912 197,"6,046","70,817","434,537",Other
HARVEY NORMAN HOLDINGS LTD,54 003 237 545,"5,849","93,999","528,978",Other
WESTPAC BANKING CORPORATION,33 007 457 141,"5,823","72,159","408,664",Other
JAMES JONES & SONS AUSTRALIA PTY LTD,47 655 780 939,"5,036","45,551","2,009,823",Other
COMMONWEALTH BANK OF AUSTRALIA,48 123 123 124,"4,523","72,601","405,601",Other
VICINITY LIMITED,90 114 757 783,"4,332","119,889","643,856",Other
NEWS AUSTRALIA HOLDINGS PTY LIMITED,32 105 197 028,"4,004","60,735","349,189",Other
NBN CO LIMITED,86 136 533 741,"3,963","315,182","1,507,698",Other
NATIONAL AUSTRALIA BANK LIMITED,12 004 044 937,"3,906","67,129","334,194",Other
TRANSURBAN HOLDINGS LIMITED,86 098 143 429,"3,774","187,110","887,618",Other
SOUTH METROPOLITAN HEALTH SERVICE,92 264 056 442,"3,703","46,950","317,619",Other
FITNESS AND LIFESTYLE GROUP TOPCO PTY LTD,50 614 113 192,"3,702","48,214","298,084",Other
AUSTRALIA AND NEW ZEALAND BANKING GROUP LIMITED,11 005 357 522,"3,624","76,135","365,645",Other
AUSTRALIAN NUCLEAR SCIENCE AND TECHNOLOGY ORGANISATION,47 956 969 590,"3,596","54,633","246,455",Other
MYER HOLDINGS LIMITED,14 119 085 602,"3,543","97,647","474,632",Other
TPG TELECOM LIMITED,76 096 304 620,"3,068","254,001","1,241,472",Other
ELECTRANET PTY LIMITED,41 094 482 416,"2,734","133,945","1,420,331",Other
SUNWATER LIMITED,17 020 276 523,"2,395","123,669","589,498",Other
QUEENSLAND BULK WATER SUPPLY AUTHORITY,75 450 239 876,"2,171","95,958","461,973",Other
CENTURIA CAPITAL LIMITED,22 095 454 336,"1,994","58,253","334,054",Other
DALRYMPLE BAY COAL TERMINAL PTY. LTD.,12 010 268 167,"1,857","72,429","354,280",Other
THE UNIVERSITY OF QUEENSLAND,63 942 912 684,"1,834","110,434","548,644",Other
A.C.N. 085 239 998 PTY LTD,39 085 239 998,"1,785","169,910","823,110",Other
FUJITSU AUSTRALIA LTD,19 001 011 427,"1,701","89,327","410,739",Other
FREQUENCY INFRASTRUCTURE AUSTRALIA HOLDINGS PTY LTD,27 136 262 952,"1,533","69,042","359,561",Other
OSIRIS HOLDINGS PTY LTD,29 168 919 391,"1,369","49,485","239,109",Other
SINGAPORE TELECOM AUSTRALIA INVESTMENTS PTY LIMITED,69 096 686 190,"1,291","415,217","1,921,327",Other
NEXTDC LIMITED,35 143 582 521,"1,289","350,049","1,536,358",Other
ALIAXIS HOLDINGS AUSTRALIA PTY LIMITED,33 169 799 080,"1,076","58,284","283,812",Other
AIRTRUNK AUSTRALIA HOLDING PTY LTD,50 616 379 232,918,"257,423","1,106,671",Other
F & F MANAGEMENT PTY. LTD.,36 133 040 721,900,"53,774","263,485",Other
AMERICOLD LOGISTICS LIMITED,58 004 902 998,893,"51,565","241,054",Other
EQUINIX AUSTRALIA PTY LIMITED,25 092 807 264,826,"309,100","1,359,210",Other
SUPER RETAIL GROUP LIMITED,81 108 676 204,782,"58,674","283,675",Other
AMAZON CORPORATE SERVICES PTY LTD,95 082 931 600,626,"260,583","1,188,419",Other
R.G. WITHERS NOMINEES PTY. LTD.,005 620 860,584,"120,168","524,510",Other
JB HI-FI LIMITED,80 093 220 136,461,"62,395","293,664",Other
PORT WARATAH COAL SERVICES LTD,99 001 363 828,395,"111,879","515,690",Other
NCIG HOLDINGS PTY LTD,98 124 700 483,366,"59,766","278,436",Other
METRO TRAINS SYDNEY PTY LTD,54 600 820 737,241,"64,855","299,248",Other
MCDONALD'S AUSTRALIA LIMITED,43 008 496 928,234,"71,092","328,814",Other
GLOBAL SWITCH AUSTRALIA PTY LIMITED,65 094 338 333,211,"119,619","548,110",Other
CDC GROUP HOLDINGS PTY LTD,67 612 332 073,171,"187,397","856,414",Other
DIGITAL AUSTRALIA INVESTMENT MANAGEMENT PTY LIMITED,27 150 294 134,113,"67,396","286,732",Other
VIVA ENERGY POLYMERS HOLDINGS PTY LTD,74 066 270 237,2,"53,565","58,495",Other